id,repo,expected,predicted,correct,seconds
1430,opencv/opencv,feature,feature,True,0.213
1061,bitcoin/bitcoin,question,bug,False,0.585
70,facebook/react,bug,bug,True,0.302
678,microsoft/vscode,bug,bug,True,0.366
1240,opencv/opencv,bug,bug,True,0.261
304,tensorflow/tensorflow,question,bug,False,0.268
793,microsoft/vscode,feature,feature,True,0.231
430,tensorflow/tensorflow,feature,feature,True,0.333
1208,opencv/opencv,bug,bug,True,0.336
1066,bitcoin/bitcoin,question,question,True,0.302
76,facebook/react,bug,bug,True,0.405
366,tensorflow/tensorflow,question,bug,False,0.412
494,tensorflow/tensorflow,feature,feature,True,0.34
382,tensorflow/tensorflow,question,question,True,0.233
857,microsoft/vscode,question,bug,False,0.41
1041,bitcoin/bitcoin,question,bug,False,0.308
232,facebook/react,question,question,True,0.219
609,microsoft/vscode,bug,bug,True,0.181
724,microsoft/vscode,feature,feature,True,0.217
456,tensorflow/tensorflow,feature,feature,True,0.365
205,facebook/react,question,bug,False,0.227
73,facebook/react,bug,bug,True,0.339
808,microsoft/vscode,question,bug,False,0.228
849,microsoft/vscode,question,bug,False,0.381
1438,opencv/opencv,feature,feature,True,0.339
762,microsoft/vscode,feature,feature,True,0.267
826,microsoft/vscode,question,bug,False,0.411
1369,opencv/opencv,question,bug,False,0.179
580,tensorflow/tensorflow,bug,bug,True,0.301
1194,bitcoin/bitcoin,bug,bug,True,0.223
265,facebook/react,question,feature,False,0.299
424,tensorflow/tensorflow,feature,bug,False,0.34
1435,opencv/opencv,feature,feature,True,0.336
2,facebook/react,bug,question,False,0.23
876,microsoft/vscode,question,bug,False,0.302
1431,opencv/opencv,feature,feature,True,0.339
1324,opencv/opencv,question,bug,False,0.376
945,bitcoin/bitcoin,feature,feature,True,0.338
1468,opencv/opencv,feature,bug,False,0.411
1215,opencv/opencv,bug,bug,True,0.406
267,facebook/react,question,bug,False,0.339
1058,bitcoin/bitcoin,question,bug,False,0.481
242,facebook/react,question,feature,False,0.271
690,microsoft/vscode,bug,bug,True,0.448
1097,bitcoin/bitcoin,question,bug,False,0.218
906,bitcoin/bitcoin,feature,feature,True,0.336
1071,bitcoin/bitcoin,question,question,True,0.303
458,tensorflow/tensorflow,feature,feature,True,0.342
1355,opencv/opencv,question,bug,False,0.265
55,facebook/react,bug,bug,True,0.299
1177,bitcoin/bitcoin,bug,bug,True,0.303
1314,opencv/opencv,question,bug,False,0.412
1297,opencv/opencv,bug,feature,False,0.22
394,tensorflow/tensorflow,question,question,True,0.342
1472,opencv/opencv,feature,feature,True,0.267
498,tensorflow/tensorflow,feature,feature,True,0.225
998,bitcoin/bitcoin,feature,feature,True,0.303
994,bitcoin/bitcoin,feature,feature,True,0.269
389,tensorflow/tensorflow,question,bug,False,0.377
186,facebook/react,feature,bug,False,0.268
249,facebook/react,question,bug,False,0.304
380,tensorflow/tensorflow,question,feature,False,0.23
0,facebook/react,bug,bug,True,0.372
1354,opencv/opencv,question,question,True,0.337
1051,bitcoin/bitcoin,question,bug,False,0.23
276,facebook/react,question,question,True,0.34
806,microsoft/vscode,question,bug,False,0.373
765,microsoft/vscode,feature,bug,False,0.376
39,facebook/react,bug,bug,True,0.339
1359,opencv/opencv,question,question,True,0.226
1285,opencv/opencv,bug,feature,False,0.232
130,facebook/react,feature,feature,True,0.305
243,facebook/react,question,feature,False,0.268
202,facebook/react,question,question,True,0.338
251,facebook/react,question,bug,False,0.341
1250,opencv/opencv,bug,bug,True,0.376
953,bitcoin/bitcoin,feature,feature,True,0.269
15,facebook/react,bug,bug,True,0.266
1099,bitcoin/bitcoin,question,bug,False,0.184
733,microsoft/vscode,feature,feature,True,0.225
834,microsoft/vscode,question,feature,False,0.237
1496,opencv/opencv,feature,feature,True,0.236
159,facebook/react,feature,feature,True,0.306
847,microsoft/vscode,question,feature,False,0.222
973,bitcoin/bitcoin,feature,feature,True,0.227
278,facebook/react,question,feature,False,0.342
1136,bitcoin/bitcoin,bug,bug,True,0.34
282,facebook/react,question,bug,False,0.341
362,tensorflow/tensorflow,question,question,True,0.223
1251,opencv/opencv,bug,bug,True,0.232
475,tensorflow/tensorflow,feature,feature,True,0.302
861,microsoft/vscode,question,bug,False,0.232
1335,opencv/opencv,question,bug,False,0.377
90,facebook/react,bug,bug,True,0.218
582,tensorflow/tensorflow,bug,bug,True,0.344
427,tensorflow/tensorflow,feature,feature,True,0.305
1272,opencv/opencv,bug,bug,True,0.381
816,microsoft/vscode,question,feature,False,0.227
1112,bitcoin/bitcoin,bug,bug,True,0.312
415,tensorflow/tensorflow,feature,feature,True,0.345
86,facebook/react,bug,bug,True,0.392
818,microsoft/vscode,question,feature,False,0.277
290,facebook/react,question,feature,False,0.274
484,tensorflow/tensorflow,feature,feature,True,0.349
69,facebook/react,bug,bug,True,0.391
1437,opencv/opencv,feature,feature,True,0.275
573,tensorflow/tensorflow,bug,bug,True,0.349
1291,opencv/opencv,bug,bug,True,0.242
1152,bitcoin/bitcoin,bug,bug,True,0.424
1294,opencv/opencv,bug,bug,True,0.461
1121,bitcoin/bitcoin,bug,bug,True,0.236
488,tensorflow/tensorflow,feature,feature,True,0.347
875,microsoft/vscode,question,question,True,0.353
1442,opencv/opencv,feature,feature,True,0.389
914,bitcoin/bitcoin,feature,feature,True,0.234
354,tensorflow/tensorflow,question,question,True,0.351
1371,opencv/opencv,question,question,True,0.351
166,facebook/react,feature,feature,True,0.311
384,tensorflow/tensorflow,question,feature,False,0.308
841,microsoft/vscode,question,bug,False,0.356
454,tensorflow/tensorflow,feature,feature,True,0.242
9,facebook/react,bug,bug,True,0.278
955,bitcoin/bitcoin,feature,question,False,0.18
677,microsoft/vscode,bug,bug,True,0.223
1312,opencv/opencv,question,bug,False,0.394
1275,opencv/opencv,bug,bug,True,0.223
524,tensorflow/tensorflow,bug,bug,True,0.428
662,microsoft/vscode,bug,bug,True,0.354
1255,opencv/opencv,bug,feature,False,0.236
117,facebook/react,feature,feature,True,0.241
229,facebook/react,question,bug,False,0.36
504,tensorflow/tensorflow,bug,bug,True,0.355
398,tensorflow/tensorflow,question,bug,False,0.471
1277,opencv/opencv,bug,bug,True,0.393
1308,opencv/opencv,question,question,True,0.356
848,microsoft/vscode,question,bug,False,0.43
1022,bitcoin/bitcoin,question,question,True,0.236
1147,bitcoin/bitcoin,bug,bug,True,0.313
1463,opencv/opencv,feature,feature,True,0.243
72,facebook/react,bug,bug,True,0.354
215,facebook/react,question,bug,False,0.242
668,microsoft/vscode,bug,bug,True,0.397
611,microsoft/vscode,bug,bug,True,0.281
1459,opencv/opencv,feature,feature,True,0.245
77,facebook/react,bug,bug,True,0.35
1411,opencv/opencv,feature,bug,False,0.275
1005,bitcoin/bitcoin,question,bug,False,0.316
1161,bitcoin/bitcoin,bug,bug,True,0.474
1329,opencv/opencv,question,bug,False,0.395
438,tensorflow/tensorflow,feature,feature,True,0.313
1064,bitcoin/bitcoin,question,bug,False,0.284
1104,bitcoin/bitcoin,bug,bug,True,0.473
1039,bitcoin/bitcoin,question,bug,False,0.28
1214,opencv/opencv,bug,feature,False,0.395
867,microsoft/vscode,question,bug,False,0.474
436,tensorflow/tensorflow,feature,question,False,0.354
1134,bitcoin/bitcoin,bug,bug,True,0.353
1174,bitcoin/bitcoin,bug,bug,True,0.317
731,microsoft/vscode,feature,feature,True,0.244
79,facebook/react,bug,bug,True,0.183
279,facebook/react,question,question,True,0.398
272,facebook/react,question,question,True,0.242
1415,opencv/opencv,feature,feature,True,0.313
878,microsoft/vscode,question,question,True,0.231
1238,opencv/opencv,bug,bug,True,0.28
315,tensorflow/tensorflow,question,bug,False,0.355
139,facebook/react,feature,feature,True,0.359
1498,opencv/opencv,feature,feature,True,0.245
800,microsoft/vscode,question,bug,False,0.397
196,facebook/react,feature,feature,True,0.322
63,facebook/react,bug,bug,True,0.395
501,tensorflow/tensorflow,bug,bug,True,0.399
1092,bitcoin/bitcoin,question,bug,False,0.19
1156,bitcoin/bitcoin,bug,bug,True,0.277
961,bitcoin/bitcoin,feature,feature,True,0.229
123,facebook/react,feature,bug,False,0.235
187,facebook/react,feature,feature,True,0.235
873,microsoft/vscode,question,feature,False,0.232
1162,bitcoin/bitcoin,bug,bug,True,0.437
227,facebook/react,question,question,True,0.188
457,tensorflow/tensorflow,feature,feature,True,0.24
737,microsoft/vscode,feature,feature,True,0.184
928,bitcoin/bitcoin,feature,bug,False,0.316
788,microsoft/vscode,feature,feature,True,0.228
794,microsoft/vscode,feature,feature,True,0.242
743,microsoft/vscode,feature,bug,False,0.195
820,microsoft/vscode,question,feature,False,0.244
1133,bitcoin/bitcoin,bug,bug,True,0.356
46,facebook/react,bug,bug,True,0.36
1209,opencv/opencv,bug,feature,False,0.246
1484,opencv/opencv,feature,bug,False,0.399
760,microsoft/vscode,feature,feature,True,0.242
1024,bitcoin/bitcoin,question,bug,False,0.192
957,bitcoin/bitcoin,feature,bug,False,0.241
170,facebook/react,feature,bug,False,0.281
792,microsoft/vscode,feature,feature,True,0.44
1321,opencv/opencv,question,question,True,0.19
870,microsoft/vscode,question,bug,False,0.445
1423,opencv/opencv,feature,feature,True,0.284
593,tensorflow/tensorflow,bug,bug,True,0.363
884,microsoft/vscode,question,feature,False,0.289
1007,bitcoin/bitcoin,question,feature,False,0.288
423,tensorflow/tensorflow,feature,feature,True,0.251
554,tensorflow/tensorflow,bug,question,False,0.378
68,facebook/react,bug,bug,True,0.454
1036,bitcoin/bitcoin,question,question,True,0.333
1171,bitcoin/bitcoin,bug,bug,True,0.244
965,bitcoin/bitcoin,feature,feature,True,0.245
931,bitcoin/bitcoin,feature,feature,True,0.228
572,tensorflow/tensorflow,bug,bug,True,0.198
163,facebook/react,feature,question,False,0.195
548,tensorflow/tensorflow,bug,bug,True,0.449
837,microsoft/vscode,question,question,True,0.193
807,microsoft/vscode,question,bug,False,0.444
1495,opencv/opencv,feature,feature,True,0.193
1191,bitcoin/bitcoin,bug,bug,True,0.451
359,tensorflow/tensorflow,question,question,True,0.286
912,bitcoin/bitcoin,feature,feature,True,0.245
257,facebook/react,question,bug,False,0.293
1123,bitcoin/bitcoin,bug,bug,True,0.245
101,facebook/react,feature,bug,False,0.326
188,facebook/react,feature,feature,True,0.25
585,tensorflow/tensorflow,bug,bug,True,0.365
802,microsoft/vscode,question,bug,False,0.488
419,tensorflow/tensorflow,feature,question,False,0.25
1116,bitcoin/bitcoin,bug,bug,True,0.285
773,microsoft/vscode,feature,feature,True,0.284
369,tensorflow/tensorflow,question,bug,False,0.366
721,microsoft/vscode,feature,bug,False,0.23
638,microsoft/vscode,bug,bug,True,0.241
1401,opencv/opencv,feature,feature,True,0.246
1210,opencv/opencv,bug,bug,True,0.446
1181,bitcoin/bitcoin,bug,bug,True,0.372
1231,opencv/opencv,bug,feature,False,0.285
93,facebook/react,bug,bug,True,0.41
1124,bitcoin/bitcoin,bug,bug,True,0.409
301,tensorflow/tensorflow,question,question,True,0.235
933,bitcoin/bitcoin,feature,feature,True,0.283
176,facebook/react,feature,feature,True,0.325
879,microsoft/vscode,question,bug,False,0.371
75,facebook/react,bug,bug,True,0.38
1261,opencv/opencv,bug,bug,True,0.442
838,microsoft/vscode,question,feature,False,0.236
78,facebook/react,bug,bug,True,0.418
1372,opencv/opencv,question,question,True,0.369
1290,opencv/opencv,bug,bug,True,0.328
1117,bitcoin/bitcoin,bug,bug,True,0.41
468,tensorflow/tensorflow,feature,feature,True,0.408
604,microsoft/vscode,bug,bug,True,0.489
910,bitcoin/bitcoin,feature,feature,True,0.332
594,tensorflow/tensorflow,bug,bug,True,0.369
30,facebook/react,bug,bug,True,0.448
707,microsoft/vscode,feature,feature,True,0.25
1037,bitcoin/bitcoin,question,question,True,0.196
407,tensorflow/tensorflow,feature,feature,True,0.371
777,microsoft/vscode,feature,feature,True,0.326
426,tensorflow/tensorflow,feature,bug,False,0.371
1184,bitcoin/bitcoin,bug,bug,True,0.458
797,microsoft/vscode,feature,feature,True,0.196
1283,opencv/opencv,bug,bug,True,0.407
1059,bitcoin/bitcoin,question,bug,False,0.497
680,microsoft/vscode,bug,bug,True,0.249
706,microsoft/vscode,feature,feature,True,0.2
114,facebook/react,feature,bug,False,0.366
759,microsoft/vscode,feature,feature,True,0.292
22,facebook/react,bug,bug,True,0.294
769,microsoft/vscode,feature,feature,True,0.333
1053,bitcoin/bitcoin,question,feature,False,0.338
1044,bitcoin/bitcoin,question,bug,False,0.19
497,tensorflow/tensorflow,feature,feature,True,0.249
919,bitcoin/bitcoin,feature,feature,True,0.26
1265,opencv/opencv,bug,bug,True,0.407
260,facebook/react,question,feature,False,0.288
952,bitcoin/bitcoin,feature,feature,True,0.337
1010,bitcoin/bitcoin,question,question,True,0.409
82,facebook/react,bug,bug,True,0.283
555,tensorflow/tensorflow,bug,bug,True,0.331
420,tensorflow/tensorflow,feature,feature,True,0.197
387,tensorflow/tensorflow,question,question,True,0.414
479,tensorflow/tensorflow,feature,feature,True,0.34
859,microsoft/vscode,question,bug,False,0.327
255,facebook/react,question,bug,False,0.328
1449,opencv/opencv,feature,feature,True,0.251
84,facebook/react,bug,bug,True,0.419
1040,bitcoin/bitcoin,question,bug,False,0.42
796,microsoft/vscode,feature,feature,True,0.241
167,facebook/react,feature,feature,True,0.343
11,facebook/react,bug,bug,True,0.254
1188,bitcoin/bitcoin,bug,bug,True,0.523
1295,opencv/opencv,bug,bug,True,0.377
247,facebook/react,question,feature,False,0.393
33,facebook/react,bug,bug,True,0.249
325,tensorflow/tensorflow,question,bug,False,0.284
531,tensorflow/tensorflow,bug,bug,True,0.511
1141,bitcoin/bitcoin,bug,bug,True,0.191
1494,opencv/opencv,feature,feature,True,0.339
474,tensorflow/tensorflow,feature,feature,True,0.307
754,microsoft/vscode,feature,feature,True,0.301
1206,opencv/opencv,bug,bug,True,0.255
18,facebook/react,bug,bug,True,0.254
