id,repo,expected,predicted,correct,confidence,truncated,seconds
1430,opencv/opencv,feature,feature,True,0.8669,False,0.0178
1061,bitcoin/bitcoin,question,bug,False,0.7811,True,0.0848
70,facebook/react,bug,bug,True,0.8209,False,0.0763
678,microsoft/vscode,bug,bug,True,0.9053,True,0.0446
1240,opencv/opencv,bug,bug,True,0.8727,False,0.0591
304,tensorflow/tensorflow,question,bug,False,0.7921,False,0.041
793,microsoft/vscode,feature,feature,True,0.7713,False,0.0533
430,tensorflow/tensorflow,feature,feature,True,0.7487,False,0.0949
1208,opencv/opencv,bug,bug,True,0.7944,False,0.0682
1066,bitcoin/bitcoin,question,bug,False,0.9031,False,0.0497
76,facebook/react,bug,bug,True,0.8586,True,0.0442
366,tensorflow/tensorflow,question,bug,False,0.803,True,0.0447
494,tensorflow/tensorflow,feature,feature,True,0.8985,False,0.0488
382,tensorflow/tensorflow,question,bug,False,0.6703,False,0.0308
857,microsoft/vscode,question,bug,False,0.8781,True,0.045
1041,bitcoin/bitcoin,question,bug,False,0.6688,False,0.0447
232,facebook/react,question,question,True,0.6196,False,0.02
609,microsoft/vscode,bug,bug,True,0.7287,False,0.0164
724,microsoft/vscode,feature,feature,True,0.8966,False,0.0203
456,tensorflow/tensorflow,feature,bug,False,0.5807,True,0.0468
205,facebook/react,question,bug,False,0.6558,False,0.0222
73,facebook/react,bug,bug,True,0.7968,False,0.044
808,microsoft/vscode,question,bug,False,0.7718,False,0.02
849,microsoft/vscode,question,bug,False,0.5582,True,0.045
1438,opencv/opencv,feature,feature,True,0.8474,False,0.0447
762,microsoft/vscode,feature,feature,True,0.7839,False,0.0327
826,microsoft/vscode,question,bug,False,0.8898,True,0.0453
1369,opencv/opencv,question,bug,False,0.9246,False,0.0177
580,tensorflow/tensorflow,bug,bug,True,0.8225,False,0.0441
1194,bitcoin/bitcoin,bug,feature,False,0.5751,False,0.0226
265,facebook/react,question,bug,False,0.5955,False,0.0362
424,tensorflow/tensorflow,feature,feature,True,0.5064,True,0.0452
1435,opencv/opencv,feature,feature,True,0.9137,False,0.043
2,facebook/react,bug,bug,True,0.7719,False,0.0307
876,microsoft/vscode,question,bug,False,0.7989,False,0.0437
1431,opencv/opencv,feature,bug,False,0.5928,False,0.0611
1324,opencv/opencv,question,bug,False,0.6068,True,0.0466
945,bitcoin/bitcoin,feature,feature,True,0.6297,False,0.0444
1468,opencv/opencv,feature,bug,False,0.729,True,0.0469
1215,opencv/opencv,bug,bug,True,0.8729,True,0.0454
267,facebook/react,question,bug,False,0.3984,False,0.0478
1058,bitcoin/bitcoin,question,bug,False,0.8022,True,0.0455
242,facebook/react,question,question,True,0.4465,False,0.0412
690,microsoft/vscode,bug,bug,True,0.9058,True,0.045
1097,bitcoin/bitcoin,question,bug,False,0.6773,False,0.0192
906,bitcoin/bitcoin,feature,feature,True,0.7752,False,0.0991
1071,bitcoin/bitcoin,question,bug,False,0.7262,False,0.062
458,tensorflow/tensorflow,feature,bug,False,0.6542,True,0.046
1355,opencv/opencv,question,bug,False,0.8617,False,0.0341
55,facebook/react,bug,bug,True,0.8762,False,0.036
1177,bitcoin/bitcoin,bug,bug,True,0.856,False,0.0409
1314,opencv/opencv,question,bug,False,0.6655,True,0.0489
1297,opencv/opencv,bug,bug,True,0.4929,False,0.0199
394,tensorflow/tensorflow,question,bug,False,0.6275,False,0.2897
1472,opencv/opencv,feature,feature,True,0.8082,False,0.187
498,tensorflow/tensorflow,feature,feature,True,0.9034,False,0.0297
998,bitcoin/bitcoin,feature,feature,True,0.7758,False,0.1131
994,bitcoin/bitcoin,feature,feature,True,0.8502,False,0.0558
389,tensorflow/tensorflow,question,bug,False,0.8859,True,0.047
186,facebook/react,feature,feature,True,0.5741,False,0.0655
249,facebook/react,question,bug,False,0.8673,False,0.0988
380,tensorflow/tensorflow,question,feature,False,0.5639,False,0.1009
0,facebook/react,bug,bug,True,0.6655,True,0.0544
1354,opencv/opencv,question,bug,False,0.514,False,0.2011
1051,bitcoin/bitcoin,question,bug,False,0.4155,False,0.0426
276,facebook/react,question,bug,False,0.3562,False,0.0509
806,microsoft/vscode,question,bug,False,0.8564,True,0.0477
765,microsoft/vscode,feature,bug,False,0.6885,True,0.0476
39,facebook/react,bug,bug,True,0.8053,False,0.0538
1359,opencv/opencv,question,question,True,0.6404,False,0.0266
1285,opencv/opencv,bug,feature,False,0.8508,False,0.042
130,facebook/react,feature,bug,False,0.4936,False,0.043
243,facebook/react,question,feature,False,0.8905,False,0.0743
202,facebook/react,question,feature,False,0.6001,False,0.0775
251,facebook/react,question,feature,False,0.4561,True,0.0523
1250,opencv/opencv,bug,bug,True,0.917,True,0.0461
953,bitcoin/bitcoin,feature,feature,True,0.7292,False,0.0557
15,facebook/react,bug,bug,True,0.7792,False,0.0876
1099,bitcoin/bitcoin,question,bug,False,0.8878,False,0.0178
733,microsoft/vscode,feature,feature,True,0.8629,False,0.04
834,microsoft/vscode,question,feature,False,0.837,False,0.033
1496,opencv/opencv,feature,feature,True,0.8493,False,0.0326
159,facebook/react,feature,feature,True,0.8609,False,0.0566
847,microsoft/vscode,question,feature,False,0.609,False,0.7598
973,bitcoin/bitcoin,feature,feature,True,0.6026,False,0.0334
278,facebook/react,question,feature,False,0.9338,False,0.536
1136,bitcoin/bitcoin,bug,bug,True,0.9132,False,0.0571
282,facebook/react,question,bug,False,0.6782,False,0.0569
362,tensorflow/tensorflow,question,bug,False,0.4645,False,0.693
1251,opencv/opencv,bug,bug,True,0.51,False,0.042
475,tensorflow/tensorflow,feature,feature,True,0.8965,False,0.1142
861,microsoft/vscode,question,bug,False,0.9083,False,0.0395
1335,opencv/opencv,question,bug,False,0.7762,True,0.0901
90,facebook/react,bug,bug,True,0.9103,False,0.2528
582,tensorflow/tensorflow,bug,bug,True,0.7067,True,0.0522
427,tensorflow/tensorflow,feature,feature,True,0.9433,False,0.0396
1272,opencv/opencv,bug,bug,True,0.8118,True,0.0466
816,microsoft/vscode,question,feature,False,0.6698,False,0.0252
1112,bitcoin/bitcoin,bug,bug,True,0.9268,False,0.0459
415,tensorflow/tensorflow,feature,feature,True,0.513,True,0.0453
86,facebook/react,bug,bug,True,0.8394,True,0.047
818,microsoft/vscode,question,feature,False,0.8569,False,0.0682
290,facebook/react,question,feature,False,0.8417,False,0.0673
484,tensorflow/tensorflow,feature,feature,True,0.7281,True,0.0459
69,facebook/react,bug,bug,True,0.8976,True,0.0464
1437,opencv/opencv,feature,feature,True,0.6035,False,0.0318
573,tensorflow/tensorflow,bug,bug,True,0.8491,True,0.0452
1291,opencv/opencv,bug,feature,False,0.5831,False,0.0455
1152,bitcoin/bitcoin,bug,bug,True,0.5311,True,0.046
1294,opencv/opencv,bug,bug,True,0.6539,True,0.047
1121,bitcoin/bitcoin,bug,bug,True,0.9443,False,0.0305
488,tensorflow/tensorflow,feature,feature,True,0.8619,False,0.1808
875,microsoft/vscode,question,bug,False,0.5934,False,0.067
1442,opencv/opencv,feature,feature,True,0.9455,True,0.0459
914,bitcoin/bitcoin,feature,feature,True,0.6392,False,0.0292
354,tensorflow/tensorflow,question,question,True,0.5677,False,0.0655
1371,opencv/opencv,question,bug,False,0.5773,False,1.0537
166,facebook/react,feature,feature,True,0.7624,False,0.1841
384,tensorflow/tensorflow,question,feature,False,0.4558,False,0.1998
841,microsoft/vscode,question,bug,False,0.8855,True,0.0806
454,tensorflow/tensorflow,feature,bug,False,0.5345,False,0.0538
9,facebook/react,bug,bug,True,0.822,False,0.0542
955,bitcoin/bitcoin,feature,bug,False,0.4509,False,0.4204
677,microsoft/vscode,bug,bug,True,0.9429,False,0.0415
1312,opencv/opencv,question,feature,False,0.4091,True,0.06
1275,opencv/opencv,bug,bug,True,0.9539,False,0.0223
524,tensorflow/tensorflow,bug,bug,True,0.8847,True,0.0494
662,microsoft/vscode,bug,bug,True,0.7645,False,0.0488
1255,opencv/opencv,bug,feature,False,0.7583,False,0.2632
117,facebook/react,feature,feature,True,0.8363,False,0.5108
229,facebook/react,question,bug,False,0.6652,True,0.0521
504,tensorflow/tensorflow,bug,bug,True,0.6826,True,0.048
398,tensorflow/tensorflow,question,bug,False,0.8651,True,0.0497
1277,opencv/opencv,bug,bug,True,0.7975,True,0.0495
1308,opencv/opencv,question,bug,False,0.7003,False,0.0503
848,microsoft/vscode,question,bug,False,0.8881,True,0.0494
1022,bitcoin/bitcoin,question,question,True,0.6305,False,0.0294
1147,bitcoin/bitcoin,bug,bug,True,0.9642,False,0.1998
1463,opencv/opencv,feature,feature,True,0.496,False,0.0332
72,facebook/react,bug,bug,True,0.7551,False,0.0467
215,facebook/react,question,bug,False,0.8707,False,0.1825
668,microsoft/vscode,bug,bug,True,0.8397,True,0.0457
611,microsoft/vscode,bug,bug,True,0.8397,False,0.2841
1459,opencv/opencv,feature,feature,True,0.6632,False,0.0316
77,facebook/react,bug,bug,True,0.8081,False,0.0709
1411,opencv/opencv,feature,feature,True,0.7431,False,0.3247
1005,bitcoin/bitcoin,question,bug,False,0.8964,False,0.6557
1161,bitcoin/bitcoin,bug,bug,True,0.849,True,0.0475
1329,opencv/opencv,question,bug,False,0.7431,True,0.0487
438,tensorflow/tensorflow,feature,feature,True,0.6853,False,0.0592
1064,bitcoin/bitcoin,question,bug,False,0.9053,False,1.1556
1104,bitcoin/bitcoin,bug,bug,True,0.8539,True,0.0497
1039,bitcoin/bitcoin,question,bug,False,0.8709,False,0.3078
1214,opencv/opencv,bug,feature,False,0.4472,True,0.0531
867,microsoft/vscode,question,bug,False,0.9583,True,0.0466
436,tensorflow/tensorflow,feature,feature,True,0.457,False,0.0644
1134,bitcoin/bitcoin,bug,bug,True,0.547,False,0.5002
1174,bitcoin/bitcoin,bug,bug,True,0.9456,False,0.8169
731,microsoft/vscode,feature,bug,False,0.6726,False,0.4365
79,facebook/react,bug,bug,True,0.7403,False,0.0724
279,facebook/react,question,question,True,0.5171,True,0.0825
272,facebook/react,question,question,True,0.6113,False,0.4533
1415,opencv/opencv,feature,feature,True,0.8306,False,0.4685
878,microsoft/vscode,question,bug,False,0.635,False,0.1035
1238,opencv/opencv,bug,feature,False,0.8857,False,0.1909
315,tensorflow/tensorflow,question,bug,False,0.6222,True,0.1047
139,facebook/react,feature,feature,True,0.8651,False,0.2302
1498,opencv/opencv,feature,feature,True,0.6487,False,0.2206
800,microsoft/vscode,question,bug,False,0.7737,True,0.0451
196,facebook/react,feature,feature,True,0.8709,False,0.1864
63,facebook/react,bug,bug,True,0.9069,True,0.0515
501,tensorflow/tensorflow,bug,bug,True,0.8439,True,0.0462
1092,bitcoin/bitcoin,question,bug,False,0.8236,False,0.0218
1156,bitcoin/bitcoin,bug,bug,True,0.9254,False,0.3372
961,bitcoin/bitcoin,feature,feature,True,0.8088,False,0.2899
123,facebook/react,feature,bug,False,0.8693,False,0.0806
187,facebook/react,feature,feature,True,0.8087,False,0.1312
873,microsoft/vscode,question,bug,False,0.6982,False,0.1232
1162,bitcoin/bitcoin,bug,bug,True,0.8942,True,0.0832
227,facebook/react,question,bug,False,0.6244,False,0.0567
457,tensorflow/tensorflow,feature,feature,True,0.5211,False,0.2041
737,microsoft/vscode,feature,feature,True,0.6779,False,0.2146
928,bitcoin/bitcoin,feature,bug,False,0.7028,False,0.0618
788,microsoft/vscode,feature,bug,False,0.6993,False,0.436
794,microsoft/vscode,feature,feature,True,0.8449,False,0.533
743,microsoft/vscode,feature,bug,False,0.8395,False,0.1542
820,microsoft/vscode,question,feature,False,0.9042,False,0.0449
1133,bitcoin/bitcoin,bug,bug,True,0.495,False,0.25
46,facebook/react,bug,bug,True,0.7492,True,0.0619
1209,opencv/opencv,bug,feature,False,0.7555,False,0.5058
1484,opencv/opencv,feature,feature,True,0.5849,True,0.0749
760,microsoft/vscode,feature,feature,True,0.9229,False,0.2373
1024,bitcoin/bitcoin,question,bug,False,0.7656,False,0.0219
957,bitcoin/bitcoin,feature,feature,True,0.375,False,0.0849
170,facebook/react,feature,bug,False,0.8095,False,0.2775
792,microsoft/vscode,feature,bug,False,0.5035,True,0.0501
1321,opencv/opencv,question,question,True,0.7297,False,0.1537
870,microsoft/vscode,question,bug,False,0.9383,True,0.0473
1423,opencv/opencv,feature,feature,True,0.8256,False,0.8191
593,tensorflow/tensorflow,bug,bug,True,0.8794,False,0.2231
884,microsoft/vscode,question,bug,False,0.8971,False,0.2984
1007,bitcoin/bitcoin,question,feature,False,0.8355,False,0.0327
423,tensorflow/tensorflow,feature,feature,True,0.9213,False,0.054
554,tensorflow/tensorflow,bug,bug,True,0.539,True,0.045
68,facebook/react,bug,bug,True,0.8777,True,0.0448
1036,bitcoin/bitcoin,question,bug,False,0.5899,False,0.0934
1171,bitcoin/bitcoin,bug,bug,True,0.9418,False,0.2373
965,bitcoin/bitcoin,feature,question,False,0.5505,False,0.1498
931,bitcoin/bitcoin,feature,bug,False,0.6133,False,0.0401
572,tensorflow/tensorflow,bug,bug,True,0.9425,False,0.2154
163,facebook/react,feature,bug,False,0.569,False,0.0453
548,tensorflow/tensorflow,bug,bug,True,0.7711,True,0.0545
837,microsoft/vscode,question,bug,False,0.8678,False,0.018
807,microsoft/vscode,question,bug,False,0.7741,True,0.05
1495,opencv/opencv,feature,bug,False,0.5291,False,0.0167
1191,bitcoin/bitcoin,bug,bug,True,0.8759,True,0.046
359,tensorflow/tensorflow,question,feature,False,0.4875,False,0.9557
912,bitcoin/bitcoin,feature,feature,True,0.9677,False,0.0501
257,facebook/react,question,bug,False,0.7007,False,0.7416
1123,bitcoin/bitcoin,bug,bug,True,0.8443,False,0.3469
101,facebook/react,feature,bug,False,0.8882,False,1.8716
188,facebook/react,feature,feature,True,0.453,False,0.3233
585,tensorflow/tensorflow,bug,bug,True,0.8999,True,0.0937
802,microsoft/vscode,question,bug,False,0.9412,True,0.0464
419,tensorflow/tensorflow,feature,bug,False,0.5331,False,0.1493
1116,bitcoin/bitcoin,bug,bug,True,0.9406,False,0.151
773,microsoft/vscode,feature,feature,True,0.9464,False,0.2782
369,tensorflow/tensorflow,question,question,True,0.3815,True,0.047
721,microsoft/vscode,feature,feature,True,0.8269,False,0.1097
638,microsoft/vscode,bug,bug,True,0.8601,False,0.0951
1401,opencv/opencv,feature,feature,True,0.8885,False,0.1271
1210,opencv/opencv,bug,bug,True,0.772,True,0.0523
1181,bitcoin/bitcoin,bug,bug,True,0.9097,False,0.5342
1231,opencv/opencv,bug,feature,False,0.8941,False,0.3083
93,facebook/react,bug,bug,True,0.8297,True,0.0451
1124,bitcoin/bitcoin,bug,bug,True,0.7226,True,0.0452
301,tensorflow/tensorflow,question,question,True,0.7089,False,0.1438
933,bitcoin/bitcoin,feature,question,False,0.5146,False,0.7887
176,facebook/react,feature,feature,True,0.8519,False,1.5816
879,microsoft/vscode,question,bug,False,0.8204,False,1.4636
75,facebook/react,bug,bug,True,0.9211,True,0.1506
1261,opencv/opencv,bug,feature,False,0.6484,True,0.0604
838,microsoft/vscode,question,feature,False,0.7777,False,0.2609
78,facebook/react,bug,bug,True,0.8943,True,0.0461
1372,opencv/opencv,question,bug,False,0.4899,False,0.8589
1290,opencv/opencv,bug,feature,False,0.5718,False,0.6528
1117,bitcoin/bitcoin,bug,bug,True,0.6883,True,0.0952
468,tensorflow/tensorflow,feature,bug,False,0.6122,True,0.0612
604,microsoft/vscode,bug,bug,True,0.8831,True,0.0485
910,bitcoin/bitcoin,feature,feature,True,0.8709,False,0.452
594,tensorflow/tensorflow,bug,bug,True,0.8611,True,0.0684
30,facebook/react,bug,bug,True,0.8807,True,0.0556
707,microsoft/vscode,feature,feature,True,0.7883,False,0.5934
1037,bitcoin/bitcoin,question,question,True,0.9299,False,0.4385
407,tensorflow/tensorflow,feature,bug,False,0.752,True,0.0552
777,microsoft/vscode,feature,feature,True,0.8214,False,0.083
426,tensorflow/tensorflow,feature,bug,False,0.6436,True,0.0463
1184,bitcoin/bitcoin,bug,bug,True,0.8588,True,0.0461
797,microsoft/vscode,feature,feature,True,0.8033,False,0.0313
1283,opencv/opencv,bug,bug,True,0.7268,True,0.0469
1059,bitcoin/bitcoin,question,bug,False,0.855,True,0.0467
680,microsoft/vscode,bug,bug,True,0.9378,False,0.6118
706,microsoft/vscode,feature,feature,True,0.8772,False,0.1314
114,facebook/react,feature,bug,False,0.5528,False,0.9873
759,microsoft/vscode,feature,feature,True,0.9647,False,0.5864
22,facebook/react,bug,bug,True,0.8014,False,0.6405
769,microsoft/vscode,feature,feature,True,0.8327,False,0.633
1053,bitcoin/bitcoin,question,feature,False,0.9184,False,0.1857
1044,bitcoin/bitcoin,question,bug,False,0.9247,False,0.0212
497,tensorflow/tensorflow,feature,feature,True,0.8472,False,1.0133
919,bitcoin/bitcoin,feature,feature,True,0.7581,False,1.072
1265,opencv/opencv,bug,bug,True,0.7236,False,1.2837
260,facebook/react,question,feature,False,0.5617,False,0.8701
952,bitcoin/bitcoin,feature,feature,True,0.7757,False,0.0928
1010,bitcoin/bitcoin,question,bug,False,0.8353,True,0.213
82,facebook/react,bug,bug,True,0.9114,False,0.5982
555,tensorflow/tensorflow,bug,bug,True,0.782,False,0.1133
420,tensorflow/tensorflow,feature,feature,True,0.9552,False,0.5659
387,tensorflow/tensorflow,question,bug,False,0.6198,False,0.1002
479,tensorflow/tensorflow,feature,feature,True,0.8379,False,1.1031
859,microsoft/vscode,question,bug,False,0.9378,False,1.4996
255,facebook/react,question,feature,False,0.4968,False,0.2041
1449,opencv/opencv,feature,feature,True,0.7985,False,0.3181
84,facebook/react,bug,bug,True,0.8813,True,0.0713
1040,bitcoin/bitcoin,question,bug,False,0.8026,True,0.0554
796,microsoft/vscode,feature,feature,True,0.7516,False,0.127
167,facebook/react,feature,feature,True,0.7648,False,0.0479
11,facebook/react,bug,bug,True,0.9283,False,0.3133
1188,bitcoin/bitcoin,bug,bug,True,0.8483,True,0.0456
1295,opencv/opencv,bug,bug,True,0.6776,False,0.3606
247,facebook/react,question,feature,False,0.6019,False,0.0608
33,facebook/react,bug,bug,True,0.8911,False,1.1517
325,tensorflow/tensorflow,question,bug,False,0.8964,False,0.7923
531,tensorflow/tensorflow,bug,bug,True,0.6581,True,0.0496
1141,bitcoin/bitcoin,bug,bug,True,0.9342,False,0.4833
1494,opencv/opencv,feature,feature,True,0.8364,False,0.3313
474,tensorflow/tensorflow,feature,feature,True,0.9,False,0.8923
754,microsoft/vscode,feature,feature,True,0.6927,False,0.3785
1206,opencv/opencv,bug,feature,False,0.5979,False,0.2717
18,facebook/react,bug,bug,True,0.9278,False,0.6936
